<?xml version="1.0" encoding="UTF-8" standalone="yes"?><pages><version>Fluig 1.5.13</version><page><code>intranet</code><title>Intranet</title><description>Intranet</description><icon>intranet.png</icon><hidden>false</hidden><auth>1</auth><layout>kit_layout</layout><theme>themedefault</theme><enabledChildren>false</enabledChildren><enabledPathParam>false</enabledPathParam><tenantCode>?</tenantCode><editable>true</editable><displayOrder>121</displayOrder><internalPage>false</internalPage><slots><slot><name>SlotRightD</name><widget>kit_cardapio</widget><showWidgetTitle>true</showWidgetTitle><permissions><permission><tenantCode>?</tenantCode><code>widgetPageView</code><description>permission.widget.pageview</description><role>user</role></permission><permission><tenantCode>?</tenantCode><code>widgetPageEdit</code><description>permission.widget.pageedit</description><role>admin</role></permission><permission><tenantCode>?</tenantCode><code>widgetPagePermission</code><description>permission.widget.pagepermission</description><role>admin</role></permission></permissions><systemWidget>false</systemWidget></slot><slot><name>SlotRightC</name><widget>iframe</widget><showWidgetTitle>true</showWidgetTitle><preference><key>applicationWidth</key><value></value></preference><preference><key>applicationTitle</key><value>Climatempo</value></preference><preference><key>url</key><value>http://selos.climatempo.com.br/selos/MostraSelo.php?CODCIDADE=381,558&amp;SKIN=laranja</value></preference><preference><key>applicationHeight</key><value>180</value></preference><permissions><permission><tenantCode>?</tenantCode><code>widgetPageView</code><description>permission.widget.pageview</description><role>user</role></permission><permission><tenantCode>?</tenantCode><code>widgetPageEdit</code><description>permission.widget.pageedit</description><role>admin</role></permission><permission><tenantCode>?</tenantCode><code>widgetPagePermission</code><description>permission.widget.pagepermission</description><role>admin</role></permission></permissions><systemWidget>false</systemWidget></slot><slot><name>SlotRightB</name><widget>kit_aniversariantes</widget><showWidgetTitle>true</showWidgetTitle><preference><key>numberOfBirthdays</key><value>6</value></preference><preference><key>sourceType</key><value>form</value></preference><preference><key>rmLink</key><value></value></preference><preference><key>rmUser</key><value></value></preference><preference><key>rmPass</key><value></value></preference><preference><key>formLink</key><value></value></preference><permissions><permission><tenantCode>?</tenantCode><code>widgetPageView</code><description>permission.widget.pageview</description><role>user</role></permission><permission><tenantCode>?</tenantCode><code>widgetPageEdit</code><description>permission.widget.pageedit</description><role>admin</role></permission><permission><tenantCode>?</tenantCode><code>widgetPagePermission</code><description>permission.widget.pagepermission</description><role>admin</role></permission></permissions><systemWidget>false</systemWidget></slot><slot><name>SlotRightA</name><widget>kit_convenios</widget><showWidgetTitle>true</showWidgetTitle><preference><key>numberOfRecords</key><value>5</value></preference><permissions><permission><tenantCode>?</tenantCode><code>widgetPageView</code><description>permission.widget.pageview</description><role>user</role></permission><permission><tenantCode>?</tenantCode><code>widgetPageEdit</code><description>permission.widget.pageedit</description><role>admin</role></permission><permission><tenantCode>?</tenantCode><code>widgetPagePermission</code><description>permission.widget.pagepermission</description><role>admin</role></permission></permissions><systemWidget>false</systemWidget></slot><slot><name>SlotMessagingNotify</name><widget>socialmessagingnotify</widget><showWidgetTitle>true</showWidgetTitle><permissions><permission><tenantCode>?</tenantCode><code>widgetPageView</code><description>permission.widget.pageview</description><role>user</role></permission><permission><tenantCode>?</tenantCode><code>widgetPageEdit</code><description>permission.widget.pageedit</description><role>admin</role></permission><permission><tenantCode>?</tenantCode><code>widgetPagePermission</code><description>permission.widget.pagepermission</description><role>admin</role></permission></permissions><systemWidget>true</systemWidget></slot><slot><name>SlotMenu</name><widget>menu</widget><showWidgetTitle>true</showWidgetTitle><permissions><permission><tenantCode>?</tenantCode><code>widgetPageView</code><description>permission.widget.pageview</description><role>user</role></permission><permission><tenantCode>?</tenantCode><code>widgetPageEdit</code><description>permission.widget.pageedit</description><role>admin</role></permission><permission><tenantCode>?</tenantCode><code>widgetPagePermission</code><description>permission.widget.pagepermission</description><role>admin</role></permission></permissions><systemWidget>true</systemWidget></slot><slot><name>SlotLogin</name><widget>sociallogin</widget><showWidgetTitle>true</showWidgetTitle><permissions><permission><tenantCode>?</tenantCode><code>widgetPageView</code><description>permission.widget.pageview</description><role>user</role></permission><permission><tenantCode>?</tenantCode><code>widgetPageEdit</code><description>permission.widget.pageedit</description><role>admin</role></permission><permission><tenantCode>?</tenantCode><code>widgetPagePermission</code><description>permission.widget.pagepermission</description><role>admin</role></permission></permissions><systemWidget>true</systemWidget></slot><slot><name>SlotLeftC</name><widget>kit_organograma</widget><showWidgetTitle>true</showWidgetTitle><preference><key>login</key><value></value></preference><preference><key>serviceLink</key><value></value></preference><preference><key>password</key><value></value></preference><preference><key>userHead</key><value></value></preference><permissions><permission><tenantCode>?</tenantCode><code>widgetPageView</code><description>permission.widget.pageview</description><role>user</role></permission><permission><tenantCode>?</tenantCode><code>widgetPageEdit</code><description>permission.widget.pageedit</description><role>admin</role></permission><permission><tenantCode>?</tenantCode><code>widgetPagePermission</code><description>permission.widget.pagepermission</description><role>admin</role></permission></permissions><systemWidget>false</systemWidget></slot><slot><name>SlotLeftB</name><widget>kit_news</widget><showWidgetTitle>true</showWidgetTitle><permissions><permission><tenantCode>?</tenantCode><code>widgetPageView</code><description>permission.widget.pageview</description><role>user</role></permission><permission><tenantCode>?</tenantCode><code>widgetPageEdit</code><description>permission.widget.pageedit</description><role>admin</role></permission><permission><tenantCode>?</tenantCode><code>widgetPagePermission</code><description>permission.widget.pagepermission</description><role>admin</role></permission></permissions><systemWidget>false</systemWidget></slot><slot><name>SlotLeftA</name><widget>kit_slideshow</widget><showWidgetTitle>true</showWidgetTitle><preference><key>sourceType</key><value>Instagram</value></preference><preference><key>fluigDirectoryID</key><value></value></preference><preference><key>instagramTargetAccountID</key><value>25025320</value></preference><preference><key>applicationSourceClientID</key><value>2b576a53492244cdbae50e01c6dc1f80</value></preference><preference><key>fluigDirectoryName</key><value></value></preference><preference><key>instagramTargetAccount</key><value>instagram</value></preference><permissions><permission><tenantCode>?</tenantCode><code>widgetPageView</code><description>permission.widget.pageview</description><role>user</role></permission><permission><tenantCode>?</tenantCode><code>widgetPageEdit</code><description>permission.widget.pageedit</description><role>admin</role></permission><permission><tenantCode>?</tenantCode><code>widgetPagePermission</code><description>permission.widget.pagepermission</description><role>admin</role></permission></permissions><systemWidget>false</systemWidget></slot><slot><name>SlotInstantSearch</name><widget>suggestsearch</widget><showWidgetTitle>true</showWidgetTitle><preference><key>searchNewTab</key><value>true</value></preference><permissions><permission><tenantCode>?</tenantCode><code>widgetPageView</code><description>permission.widget.pageview</description><role>user</role></permission><permission><tenantCode>?</tenantCode><code>widgetPageEdit</code><description>permission.widget.pageedit</description><role>admin</role></permission><permission><tenantCode>?</tenantCode><code>widgetPagePermission</code><description>permission.widget.pagepermission</description><role>admin</role></permission></permissions><systemWidget>true</systemWidget></slot><slot><name>SlotGlobalAlert</name><widget>alertpopover</widget><showWidgetTitle>true</showWidgetTitle><permissions><permission><tenantCode>?</tenantCode><code>widgetPageView</code><description>permission.widget.pageview</description><role>user</role></permission><permission><tenantCode>?</tenantCode><code>widgetPageEdit</code><description>permission.widget.pageedit</description><role>admin</role></permission><permission><tenantCode>?</tenantCode><code>widgetPagePermission</code><description>permission.widget.pagepermission</description><role>admin</role></permission></permissions><systemWidget>true</systemWidget></slot><slot><name>SlotUsePolicy</name><widget>usepolicy</widget><showWidgetTitle>true</showWidgetTitle><permissions><permission><tenantCode>?</tenantCode><code>widgetPageView</code><description>permission.widget.pageview</description><role>user</role></permission><permission><tenantCode>?</tenantCode><code>widgetPageEdit</code><description>permission.widget.pageedit</description><role>admin</role></permission><permission><tenantCode>?</tenantCode><code>widgetPagePermission</code><description>permission.widget.pagepermission</description><role>admin</role></permission></permissions><systemWidget>true</systemWidget></slot></slots><datas/><permissions><permission><tenantCode>?</tenantCode><code>pageView</code><description>permission.page.view</description><role>user</role></permission><permission><tenantCode>?</tenantCode><code>pageUpdate</code><description>permission.page.update</description><user>adm</user></permission><permission><tenantCode>?</tenantCode><code>pageRemove</code><description>permission.page.remove</description><user>adm</user></permission></permissions><disableChildLevel>true</disableChildLevel><menuGroup>false</menuGroup></page></pages>
